<editors>
   <!-- Amps -->
   <editor id="I_AMPS">
	  <range uom="1"  min="0" max="500" />
   </editor>
   <editor id="I_AMPS_FLOAT">
	  <range uom="1"  min="0" max="500" step="0.1" prec="1" />
   </editor>
   <!-- Volts -->
   <editor id="I_VOLTS">
	  <range uom="72"  min="0" max="500" />
   </editor>
   <editor id="I_VOLTS_FLOAT">
	  <range uom="72"  min="0" max="500" step="0.1" prec="1" />
   </editor>
   <!-- kiloWatts -->
   <editor id="I_KW">
	  <range uom="30"  min="0" max="500"/>
   </editor>
   <editor id="I_KW_FLOAT">
	  <range uom="30"  min="0" max="500" step="0.1" prec="1" />
   </editor>
   <!-- Watts -->
   <editor id="I_WATTS">
	  <range uom="73"  min="0" max="5000"/>
   </editor>
   <editor id="I_WATTS_FLOAT">
	  <range uom="73"  min="0" max="5000" step="0.1" prec="1" />
   </editor>
   <!-- Degrees Celcius -->
   <editor id="I_TEMP_C">
      <range uom="4" />
   </editor>

   <!-- Enumerated FXInverter AC Input State -->
   <editor id="E_FX_AC">
	  <range uom="25" subset="0,1" nls="IX_E_FX_AC" />
   </editor>
   <!-- Enumerated FXInverter AC Input Type -->
   <editor id="E_FX_GRID">
	  <range uom="25" subset="0,1,2" nls="IX_E_FX_GRID" />
   </editor>
   <!-- Enumerated FXInverter Charger Operating Mode -->
   <editor id="E_FX_STATUS">
	  <range uom="25" subset="0,1,2" nls="IX_E_FX_STATUS" />
   </editor>

   <!-- Enumerated Outback System Inverter AC Drop Use-->
   <editor id="E_OB_AC_DROP">
	  <range uom="25" subset="1,2" nls="IX_E_OB_AC_DROP" />
   </editor>
   <!-- Enumerated Outback System Set Inverter Mode -->
   <editor id="E_OB_SETMODE">
	  <range uom="25" subset="1,2,3" nls="IX_E_OB_SETMODE" />
   </editor>
   <!-- Enumerated Outback System Grid Tie Mode -->
   <editor id="E_OB_GRID_TIE">
	  <range uom="25" subset="1,2" nls="IX_E_OB_GRID_TIE" />
   </editor>
   <!-- Enumerated Outback Set Inverter Charger Mode -->
   <editor id="E_OB_CHARGE">
	  <range uom="25" subset="1,2,3" nls="IX_E_OB_CHARGE" />
   </editor>  

   <!-- Enumerated GS Single Inverter Operating Mode -->
   <editor id="E_GSS_OM">
	  <range uom="25" subset="0-10,14" nls="IX_E_GSS_OM" />
   </editor>
 
   <!-- Enumerated GS Global Operating Mode -->
   <editor id="E_GS_OM">
	  <range uom="25" subset="0,1" nls="IX_E_GS_OM" />
   </editor>
   <!-- Enumerated GS Global Inverter Input Selection -->
   <editor id="E_GS_GRID">
	  <range uom="25" subset="0,1" nls="IX_E_GS_GRID" />
   </editor>
   <!-- Enumerated GS Global Inverter Input State -->
   <editor id="E_GS_AC">
	  <range uom="25" subset="0,1" nls="IX_E_GS_AC" />
   </editor>
 
</editors>