<nodeDefs>
    <!-- Outback Control -->
    <nodeDef id="outbackaxs" nls="obaxs">
        <editors />
        <sts>
			 <st id="GV1" editor="I_KW_FLOAT" />
			 <st id="GV2" editor="I_TEMP_C" />
			 <st id="GV3" editor="I_VOLTS_FLOAT" />
			 <st id="GV4" editor="I_AMPS_FLOAT" />
			 <st id="GV5" editor="I_AMPS_FLOAT" />
			 <st id="GV6" editor="I_AMPS_FLOAT" />
			 <st id="GV7" editor="I_AMPS_FLOAT" />		
		</sts>
        <cmds>
            <sends />
            <accepts>
			    <cmd id="QUERY" />
		    </accepts>
        </cmds>
    </nodeDef>
	<!-- NODE DEF from 5.0 document http://wiki.universal-devices.com/index.php?title=V50_MAIN -->
   <nodeDef id="fxinverter" nls="fxi" eventMap="I_STD">
      <!-- sts optional="true" - indicates that some of these may not ever be used for the thermostat -->
      <sts>
		 <st id="GV1" editor="I_AMPS" />
		 <st id="GV2" editor="I_AMPS" />
		 <st id="GV3" editor="I_AMPS" />
		 <st id="GV4" editor="I_AMPS" />
		 <st id="GV5" editor="I_VOLTS" />
		 <st id="GV6" editor="E_FX_AC" />
		 <st id="GV7" editor="E_FX_GRID" />
		 <st id="GV8" editor="I_AMPS_FLOAT" />
		 <st id="GV9" editor="I_AMPS_FLOAT" />
		 <st id="GV10" editor="I_AMPS_FLOAT" />
		 <st id="GV11" editor="E_FX_STATUS" />
		 <st id="GV12" editor="I_VOLTS_FLOAT" />
		<!--
         <st id="ST" editor="I_TEMP_DEG" />
         <st id="CLISPH" editor="I_CLISPH_DEG" />
         <st id="CLISPC" editor="I_CLISPC_DEG" />
         <st id="CLIMD" editor="I_TSTAT_MODE" />
         <st id="CLIFS" editor="I_TSTAT_FAN_MODE" />
         <st id="CLIHUM" editor="I_TSTAT_HUM" />
         <st id="CLIHCS" editor="I_TSTAT_HCS" />
         <st id="GV2" editor="I_TEMP_DEG" />
		 <st id="GV4" editor="nstatus" />		 -->
      </sts>
      <cmds>
         <accepts>
			<!--
            <cmd id="CLISPH">
               <p id="" editor="I_CLISPH_DEG" init="CLISPH" />
            </cmd>
            <cmd id="CLISPC">
               <p id="" editor="I_CLISPC_DEG" init="CLISPC" />
            </cmd>
            <cmd id="CLIMD">
               <p id="" editor="I_TSTAT_MODE" init="CLIMD" />
            </cmd>
            <cmd id="CLIFS">
               <p id="" editor="I_TSTAT_FAN_MODE" init="CLIFS" />
            </cmd>
            <cmd id="BRT" />
            <cmd id="DIM" />
            <cmd id="BEEP">
               <p id="" editor="I_BEEP_255" optional="T" />
            </cmd> -->
            <cmd id="QUERY" />
         </accepts>
      </cmds>
  </nodeDef>
</nodeDefs>